{
  "tap_count": 101,
  "sample_rate_hz": 50000,
  "cutoff_hz": 1000,
  "coefficient_generator": "scipy.signal.firwin(101, 1000, fs=50000)",
  "coefficient_words_fp32": [
    "0xa012b177",
    "0xb8899b4e",
    "0xb9100cde",
    "0xb9658a36",
    "0xb9a46f97",
    "0xb9de9774",
    "0xba1138b0",
    "0xba385a59",
    "0xba64beaf",
    "0xba8b0c70",
    "0xbaa5db4a",
    "0xbac23c16",
    "0xbadf6632",
    "0xbafc57d6",
    "0xbb0bebe1",
    "0xbb183c76",
    "0xbb225021",
    "0xbb29462d",
    "0xbb2c2f7f",
    "0xbb2a1427",
    "0xbb21f9a9",
    "0xbb12e9c7",
    "0xbaf7f357",
    "0xbab8a276",
    "0xba4cc970",
    "0x21778b78",
    "0x3a76ed36",
    "0x3b064780",
    "0x3b59ba00",
    "0x3b9bf8d7",
    "0x3bd04a05",
    "0x3c04c2ee",
    "0x3c23a218",
    "0x3c447ffc",
    "0x3c670c62",
    "0x3c857531",
    "0x3c97d8e8",
    "0x3caa7876",
    "0x3cbd1733",
    "0x3ccf75c9",
    "0x3ce1536a",
    "0x3cf26f15",
    "0x3d014471",
    "0x3d08b1ac",
    "0x3d0f6255",
    "0x3d153bfc",
    "0x3d1a2735",
    "0x3d1e101a",
    "0x3d20e6b9",
    "0x3d229f6d",
    "0x3d23331f",
    "0x3d229f6d",
    "0x3d20e6b9",
    "0x3d1e101a",
    "0x3d1a2735",
    "0x3d153bfc",
    "0x3d0f6255",
    "0x3d08b1ac",
    "0x3d014471",
    "0x3cf26f15",
    "0x3ce1536a",
    "0x3ccf75c9",
    "0x3cbd1733",
    "0x3caa7876",
    "0x3c97d8e8",
    "0x3c857531",
    "0x3c670c62",
    "0x3c447ffc",
    "0x3c23a218",
    "0x3c04c2ee",
    "0x3bd04a05",
    "0x3b9bf8d7",
    "0x3b59ba00",
    "0x3b064780",
    "0x3a76ed36",
    "0x21778b78",
    "0xba4cc970",
    "0xbab8a276",
    "0xbaf7f357",
    "0xbb12e9c7",
    "0xbb21f9a9",
    "0xbb2a1427",
    "0xbb2c2f7f",
    "0xbb29462d",
    "0xbb225021",
    "0xbb183c76",
    "0xbb0bebe1",
    "0xbafc57d6",
    "0xbadf6632",
    "0xbac23c16",
    "0xbaa5db4a",
    "0xba8b0c70",
    "0xba64beaf",
    "0xba385a59",
    "0xba1138b0",
    "0xb9de9774",
    "0xb9a46f97",
    "0xb9658a36",
    "0xb9100cde",
    "0xb8899b4e",
    "0xa012b177"
  ],
  "source_asset_sha256": {
    "inputs/stimuli.json": "ff35aed952d0a7ec3d07e622b655f6d64f8b659856c772211b114f94294462c9",
    "outputs/golden_output.json": "daef79353682bbfaaf3714f678723b3187b0e59d3e2077a6652340456569a671"
  },
  "validation": {
    "sample_count": 1000,
    "tap_count": 101,
    "transient_identification_samples": 101,
    "holdout_samples": 899,
    "fp32_sequential_max_abs_error": 2.980232238769531e-07,
    "fp32_sequential_holdout_max_abs_error": 2.980232238769531e-07
  }
}
