{
  "tap_count": 101,
  "sample_rate_hz": 50000,
  "passband": "above 5000 Hz",
  "coefficient_generator": "scipy.signal.firwin(101, 5000, pass_zero=False, fs=50000)",
  "coefficient_words_fp32": [
    "0x21a5e407",
    "0x39a1fef1",
    "0x3a0a48e5",
    "0x3a14dc7c",
    "0x39c9729c",
    "0x21373cac",
    "0xb9fa686f",
    "0xba647ae3",
    "0xba815b49",
    "0xba3564bc",
    "0xa2c126e6",
    "0x3a696787",
    "0x3ad5c178",
    "0x3af17343",
    "0x3aa82360",
    "0x239ded49",
    "0xbad3be22",
    "0xbb3f7379",
    "0xbb556676",
    "0xbb12a289",
    "0xa4439339",
    "0x3b33fb1e",
    "0x3ba0cd0c",
    "0x3bb13ea7",
    "0x3b71153f",
    "0xa30bf866",
    "0xbb915883",
    "0xbc00e7a5",
    "0xbc0d333a",
    "0xbbbf1429",
    "0xa3c43dcb",
    "0x3be4ec47",
    "0x3c4accff",
    "0x3c5e3e69",
    "0x3c16b483",
    "0x24c72eb7",
    "0xbc367814",
    "0xbca31ca3",
    "0xbcb4ed9c",
    "0xbc794bfe",
    "0xa403343e",
    "0x3c9e21ad",
    "0x3d1233f3",
    "0x3d2969d5",
    "0x3cf73d64",
    "0x240c9a35",
    "0xbd3cd9b8",
    "0xbdcd0395",
    "0xbe1a7617",
    "0xbe3f721e",
    "0x3f4cd56c",
    "0xbe3f721e",
    "0xbe1a7617",
    "0xbdcd0395",
    "0xbd3cd9b8",
    "0x240c9a35",
    "0x3cf73d64",
    "0x3d2969d5",
    "0x3d1233f3",
    "0x3c9e21ad",
    "0xa403343e",
    "0xbc794bfe",
    "0xbcb4ed9c",
    "0xbca31ca3",
    "0xbc367814",
    "0x24c72eb7",
    "0x3c16b483",
    "0x3c5e3e69",
    "0x3c4accff",
    "0x3be4ec47",
    "0xa3c43dcb",
    "0xbbbf1429",
    "0xbc0d333a",
    "0xbc00e7a5",
    "0xbb915883",
    "0xa30bf866",
    "0x3b71153f",
    "0x3bb13ea7",
    "0x3ba0cd0c",
    "0x3b33fb1e",
    "0xa4439339",
    "0xbb12a289",
    "0xbb556676",
    "0xbb3f7379",
    "0xbad3be22",
    "0x239ded49",
    "0x3aa82360",
    "0x3af17343",
    "0x3ad5c178",
    "0x3a696787",
    "0xa2c126e6",
    "0xba3564bc",
    "0xba815b49",
    "0xba647ae3",
    "0xb9fa686f",
    "0x21373cac",
    "0x39c9729c",
    "0x3a14dc7c",
    "0x3a0a48e5",
    "0x39a1fef1",
    "0x21a5e407"
  ],
  "source_asset_sha256": {
    "inputs/stimuli.json": "ff35aed952d0a7ec3d07e622b655f6d64f8b659856c772211b114f94294462c9",
    "outputs/golden_output.json": "f8e8f3974dd2278ca98b0f9cfadce3737e73bd24e5b917917f4a8c16c45a4336"
  },
  "validation": {
    "sample_count": 1000,
    "tap_count": 101,
    "transient_identification_samples": 101,
    "holdout_samples": 899,
    "fp32_sequential_max_abs_error": 1.1920928955078125e-07,
    "fp32_sequential_holdout_max_abs_error": 1.1920928955078125e-07,
    "upstream_float64_max_abs_error": 4.996003610813204e-16,
    "maximum_golden_magnitude": 0.29412516951560974
  }
}
